{"nodes": [{"x": -97.51889152609166, "y": -18.55198438922142}, {"x": -96.58396301533998, "y": -16.903957631711855}, {"x": -93.46181598687677, "y": -17.977507154273717}, {"x": -96.24547498447565, "y": -19.73647802678545}, {"x": -99.96724372956352, "y": -20.063340556891177}, {"x": -101.33629037370217, "y": -21.680114962654073}, {"x": -102.0157308840542, "y": -19.831564333067277}, {"x": -94.86868354373324, "y": -20.143416798821608}, {"x": -93.81916729543487, "y": -15.801248610527022}, {"x": -90.41026162323733, "y": -19.28828408776201}, {"x": -99.2873043950181, "y": -22.11041664811729}, {"x": -101.69943556378225, "y": -16.76678049000795}, {"x": -96.77857717320293, "y": -22.272295964161287}, {"x": -94.95339922879707, "y": -17.508373944323694}, {"x": -90.11174040680484, "y": -10.674487351445551}, {"x": -90.0670558542686, "y": -12.426249338845855}, {"x": -104.18895130278248, "y": -21.870337511179947}, {"x": -98.90839895323903, "y": -15.08298221376066}, {"x": -88.27818434957878, "y": -12.037726621584092}, {"x": -95.90407284723747, "y": -15.010968492242979}, {"x": -91.97209094915365, "y": -10.99992747261622}, {"x": -99.47598918309923, "y": -17.071247076177123}, {"x": -93.48562219138947, "y": -11.887336951232088}, {"x": -88.46843114554524, "y": -15.904081511866941}, {"x": -88.29588567099344, "y": -20.110462065228266}, {"x": -87.24865741824455, "y": -18.296449473321385}, {"x": -86.42559787214496, "y": -14.243934896393242}, {"x": -89.533573764482, "y": -17.630738380568854}, {"x": -92.03780319938973, "y": -19.400243420972693}, {"x": -88.38175411603555, "y": -14.07774033678254}, {"x": -94.10618723317626, "y": -13.965937782826959}, {"x": -91.5064996245734, "y": -17.56561583663254}, {"x": -91.35955348711809, "y": -13.782984250884645}, {"x": -91.17495687130462, "y": -15.028421019548045}], "links": [{"source": 1, "target": 0}, {"source": 2, "target": 0}, {"source": 2, "target": 1}, {"source": 3, "target": 0}, {"source": 3, "target": 1}, {"source": 3, "target": 2}, {"source": 4, "target": 0}, {"source": 5, "target": 0}, {"source": 6, "target": 0}, {"source": 6, "target": 4}, {"source": 6, "target": 5}, {"source": 7, "target": 0}, {"source": 7, "target": 1}, {"source": 7, "target": 2}, {"source": 7, "target": 3}, {"source": 8, "target": 0}, {"source": 8, "target": 2}, {"source": 9, "target": 2}, {"source": 10, "target": 0}, {"source": 10, "target": 4}, {"source": 10, "target": 5}, {"source": 11, "target": 0}, {"source": 12, "target": 0}, {"source": 12, "target": 3}, {"source": 13, "target": 0}, {"source": 13, "target": 1}, {"source": 13, "target": 2}, {"source": 13, "target": 3}, {"source": 16, "target": 5}, {"source": 16, "target": 6}, {"source": 17, "target": 0}, {"source": 17, "target": 1}, {"source": 19, "target": 0}, {"source": 19, "target": 1}, {"source": 21, "target": 0}, {"source": 21, "target": 1}, {"source": 25, "target": 23}, {"source": 25, "target": 24}, {"source": 27, "target": 2}, {"source": 27, "target": 23}, {"source": 27, "target": 24}, {"source": 28, "target": 2}, {"source": 29, "target": 23}, {"source": 29, "target": 26}, {"source": 30, "target": 1}, {"source": 30, "target": 8}, {"source": 31, "target": 0}, {"source": 31, "target": 24}, {"source": 31, "target": 25}, {"source": 31, "target": 28}, {"source": 32, "target": 2}, {"source": 32, "target": 8}, {"source": 32, "target": 14}, {"source": 32, "target": 15}, {"source": 32, "target": 18}, {"source": 32, "target": 20}, {"source": 32, "target": 22}, {"source": 32, "target": 23}, {"source": 32, "target": 29}, {"source": 32, "target": 30}, {"source": 32, "target": 31}, {"source": 33, "target": 8}, {"source": 33, "target": 9}, {"source": 33, "target": 13}, {"source": 33, "target": 14}, {"source": 33, "target": 15}, {"source": 33, "target": 18}, {"source": 33, "target": 19}, {"source": 33, "target": 20}, {"source": 33, "target": 22}, {"source": 33, "target": 23}, {"source": 33, "target": 26}, {"source": 33, "target": 27}, {"source": 33, "target": 28}, {"source": 33, "target": 29}, {"source": 33, "target": 30}, {"source": 33, "target": 31}, {"source": 33, "target": 32}]}